OW001-4,霞风玉露,246,249,254
OW002-4,烟紫,241,245,254
OW003-4,淡菊,249,247,250
OW004-4,蕙心兰,247,244,247
OW073-4,含羞紫,240,237,239
OW005-4,日色微明,249,251,252
OW009-4,杏雨梨云,250,249,251
OW006-4,暮春,249,246,245
OW010-4,傲霜,249,247,244
OW007-4,烟雨和风,252,250,246
OW008-4,婷玉,252,247,243
OW011-4,韶光年华,250,247,242
OW074-4,优雅日光,249,250,245
OW075-4,静谧之纯,250,252,252
OW012-4,晴空,254,254,248
OW076-4,柔粉,249,242,229
OW015-4,冰清玉透,255,252,242
OW014-4,绮丽,250,248,240
OW016-4,草莺,252,248,237
OW013-4,容华,251,252,243
OW077-4,雅粉,246,243,235
OW022-4,银珠,255,255,248
OW021-4,珠贝色,254,255,253
OW078-4,柔珠彩,255,255,244
OW079-4,丝滑飘羽,254,254,246
OW080-4,粉象牙,255,254,242
OW081-4,清馨,251,250,235
OW018-4,露水芙蓉,251,249,237
OW082-4,云端漫步,248,248,239
OW083-4,白鸽,248,246,236
OW084-4,生机,247,246,231
OW019-4,白月皎洁,251,250,235
OW085-4,原味酸奶,254,252,233
OW020-4,芸黄,248,243,227
OW064-4,梧桐树,241,236,218
OW017-4,天朗气清,255,255,240
OW031-4,韵白,252,255,249
OW025-4,菱花白,252,255,250
OW033-4,珍珠白,253,255,252
OW086-4,漫天风雪,251,254,247
OW034-4,贝卡黄,249,252,242
OW023-4,燕黄,253,255,245
OW027-4,银装素裹,250,254,250
OW030-4,天竺葵,252,255,250
OW029-4,菊蕊白,252,255,248
OW087-4,麦芽黄,255,254,240
OW024-4,水蜜黄,255,254,237
OW088-4,白晶菊,252,255,245
OW026-4,蜜合色,253,255,248
OW039-4,柳絮白,252,255,248
OW032-4,鸭嘴黄,251,252,231
OW028-4,柠檬绸,251,253,237
OW070-4,新叶黄,249,252,237
OW035-4,萱草,248,251,237
OW040-4,松花黄,252,255,242
OW038-4,象牙白,251,255,249
OW037-4,流花白,251,255,248
OW036-4,钻石黄,250,254,246
OW065-4,迷情白,246,251,242
OW072-4,暖翠,241,244,229
OW071-4,淡黄绿,245,249,235
OW089-4,水月相融,249,255,243
OW047-4,飞花点翠,248,255,245
OW046-4,松耳石,249,255,251
OW042-4,冰晶,250,255,253
OW052-4,竹叶青,242,253,247
OW090-4,冰雪精灵,249,255,248
OW048-4,秋香绿,248,255,251
OW091-4,春的苏醒,248,254,248
OW092-4,薄荷种子,240,252,246
OW044-4,玉青,250,255,253
OW041-4,霜花白,250,255,254
OW043-4,藕荷绿,250,255,253
OW050-4,绿丝,240,251,246
OW051-4,抹茶,241,251,246
OW053-4,冰霜蓝,243,253,254
OW055-4,烟青,237,247,245
OW058-4,蟹壳青,236,253,255
OW057-4,海天蓝,237,251,254
OW060-4,雪蓝,220,233,239
OW049-4,碧落清泉,239,249,251
OW054-4,青山淡彩,238,247,247
OW045-4,海滨微风,248,254,255
OW056-4,纯净灰,238,245,245
OW059-4,浅莲灰,240,246,248
OW093-4,玉润雅静,246,252,247
OW094-4,香醇豆奶,242,245,237
OW066-4,清萍白,243,246,238
OW067-4,杏子灰,240,241,229
OW068-4,雅典白,234,235,224
OW061-4,明斯克灰,244,246,244
OW069-4,杨枝玉,247,250,244
OW062-4,浅豆沙,242,242,232
OW095-4,白桦树,235,236,230
OW063-4,沙漠雾,239,240,233
RC0107-4,思念,251,251,246
RC0251-4,荷仙姑,240,220,226
RC0260-4,莲花仙子,239,208,223
RC0270-3,醉卧花丛,215,175,199
RC0280-2,雪玫瑰,193,140,171
RC0290-2,紫绢,177,119,149
RC0001-2,海滩暮色,162,109,145
RC0002-4,柔皙,252,239,251
RC0003-4,蜜桃粉,243,223,240
RC0004-4,粉唇,241,211,233
RC0005-4,野山莓,234,190,220
RC0006-3,柔情丁香,221,168,206
RC0007-2,甜美殿堂,207,139,181
RC0008-2,贝蒂猫,188,113,157
RC0009-4,法国玫瑰,252,242,249
RC0010-4,初生,249,225,243
RC0011-4,珊瑚粉,246,211,236
RC0012-4,酸果蔓,237,188,223
RC0013-3,紫藤花园,224,165,207
RC0014-2,花语精华,213,134,184
RC0015-2,醉艳,196,108,161
RC0016-4,山樱花,253,243,248
RC0017-4,粉彩,249,226,238
RC0210-4,甜蜜公主,244,206,226
RC0018-4,小桃园,236,200,220
RC0220-3,花季,230,173,209
RC0230-2,艳若桃李,213,137,181
RC0240-2,玫瑰之约,202,113,164
RC0307-4,葡萄酒,252,251,247
RC0019-4,满架蔷薇,255,236,241
RC0020-4,精灵之歌,250,224,234
RC0310-4,羞答答,243,203,220
RC0320-3,经典粉色,234,175,203
RC0330-2,红尘往事,220,137,173
RC0340-2,倩女美唇,212,113,152
RC0021-4,梦游仙境,255,242,247
RC0022-4,香水百合,251,225,239
RC0023-4,爱的味道,248,212,230
RC0024-4,粉红佳人,242,189,216
RC0025-3,草莓甜筒,234,169,202
RC0026-2,百花香,221,135,173
RC0027-2,蔷薇花,210,112,152
RC0028-4,挚爱芳华,255,234,237
RC0029-4,诱惑,250,221,230
RC0030-4,桃花红,247,211,226
RC0031-4,春光烂漫,236,186,210
RC0032-3,红裙飞舞,224,163,192
RC0033-2,粉艳霓裳,214,134,165
RC0034-2,风韵万千,195,107,135
RC0035-4,梦里花,250,242,246
RC0036-4,香芋紫粉,250,226,242
RC0037-4,花颜悦色,248,204,226
RC0038-4,茶花女,235,183,204
RC0039-3,樱桃沙,224,163,187
RC0040-2,绚光媚影,210,131,155
RC0041-2,锦鲤,192,108,129
RC0042-4,雾中玫瑰,255,244,243
RC0043-4,天堂花语,252,224,236
RC0044-4,纯真,250,211,228
RC0045-4,春桃,245,188,212
RC0046-3,公主粉,238,166,193
RC0047-2,粉色童话,226,136,166
RC0048-2,木棉花,214,111,142
RC0207-4,雪山霞光,248,241,240
RC0201-4,大花蕙兰,250,236,234
RC0049-4,小步舞曲,247,219,226
RC0410-4,怡然蝶园,249,208,220
RC0420-3,胭脂扣,242,173,193
RC0430-2,憧憬,230,141,166
RC0440-2,洋红,221,116,143
RC0050-4,蝴蝶飞,253,246,247
RC0051-4,粉雨,254,228,236
RC0052-4,蜜桃派,253,215,227
RC0053-4,玫瑰舞,242,167,190
RC0054-3,夹竹桃,242,167,189
RC0055-2,粉装玉琢,231,134,158
RC0056-2,胭脂蝴蝶,221,113,137
RC0057-4,甜蜜之源,255,242,243
RC0058-4,小情歌,255,229,237
RC0059-4,水玉草莓,254,216,224
RC0060-4,梦幻糖果,251,190,207
RC0061-3,快乐天使,244,167,187
RC0062-2,杨桃,235,136,156
RC0063-2,娇艳欲滴,225,115,132
RC0064-4,粉颜,252,237,235
RC8151-4,睡莲红,250,217,220
RC0065-4,缪斯女神,250,208,216
RC8110-4,玫瑰粉,247,190,198
RC8120-3,石竹花,239,151,162
RC8130-2,樱桃白兰地,217,110,128
RC8140-1,精臻红,201,92,112
RC0066-4,清雅,254,247,249
RC0067-4,花样甜心,253,240,238
RC0068-4,丘比特,255,226,233
RC0510-4,荷兰石竹,251,200,211
RC0520-3,仙人翘,249,174,188
RC0530-2,甜蜜新娘,240,142,159
RC0540-2,热情西班牙,232,120,133
RC0069-4,水灵,255,239,238
RC0070-4,浪漫樱花,254,222,224
RC0071-4,柔软心情,252,206,212
RC0072-4,粉黛,246,186,195
RC0073-3,珊瑚色,236,163,172
RC0074-2,粉艳茶花,224,131,136
RC0075-2,艳芳绝代,207,111,114
RC0076-4,冰沁水粉,253,234,232
RC0077-4,蜜语,254,222,222
RC0078-4,草莓冰激凌,253,211,215
RC0079-4,婚礼祝福,250,192,198
RC0080-3,春色撩人,242,169,177
RC0081-2,粉蝶飞舞,233,138,142
RC0082-2,艳阳珊瑚,218,114,116
RC0083-4,情窦初开,255,239,233
RC0084-4,婴儿粉,255,225,225
RC0085-4,巴黎诗人,254,209,213
RC0086-4,涩樱红,250,185,192
RC0087-3,粉桃精灵,249,169,179
RC0088-2,烂漫,242,139,146
RC0089-2,艳光四射,232,120,126
RC0090-4,浪漫嫩粉,254,254,254
RC7901-4,春花红,251,239,232
RC0501-4,柔情依依,255,236,230
RC0610-4,嫣然一笑,251,197,199
RC0620-3,幻色星辰,249,169,173
RC0630-2,迷情岁月,236,142,144
RC0640-2,日出,226,118,118
RC0091-4,雪之吻,251,242,237
RC0092-4,摇摆恋曲,255,225,223
RC0093-4,迷人淡红,254,210,208
RC0094-4,倾城之恋,250,187,190
RC0095-3,印尼风情,250,171,176
RC0096-2,哈瓦那红,245,144,142
RC0097-2,蜜桃滋味,237,125,121
RC0098-4,魅惑巴黎,251,232,227
RC8051-4,高地红,251,215,214
RC0099-4,花漾年华,252,197,198
RC8010-4,艳阳天,247,189,189
RC8020-3,樱草红,240,153,157
RC8030-2,锦红菱,219,111,118
RC8040-1,珊瑚红,207,88,100
RC0401-4,出水芙蓉,251,234,232
RC0100-4,扶郎花,250,225,232
RC0651-4,菁菁校园,253,214,214
RC0660-4,红珊瑚,248,191,194
RC0670-3,海中珊瑚,233,156,162
RC0680-2,淘气红娘,222,131,134
RC0690-2,埃及红,201,107,107
RN0507-4,欢乐,253,242,242
RN0308-4,仙鹤红,250,239,238
RN0001-4,花仙子,252,224,230
RN0002-4,花开诱惑,246,210,226
RN0003-3,海棠粉,230,171,189
RN0004-3,红梅色,224,160,173
RN0490-2,姹紫嫣红,187,108,120
RN8101-4,粉茶花,251,242,243
RN8001-4,红樱桃,250,232,228
RN0408-4,孔雀红,247,225,224
RN0451-4,亲亲宝贝,243,206,212
RN0460-4,落日余辉,239,190,200
RN0470-3,红粉佳人,220,160,174
RN0480-2,如浴金香,202,132,146
RN0208-4,巴蕾舞,248,235,236
RN0407-4,烛光,250,237,240
RN0351-4,纤纤玉指,251,225,232
RN0360-4,傲霜冬梅,245,206,218
RN0370-3,雾都玫瑰,227,171,190
RN0380-2,鲤鱼吐芳,208,142,165
RN0390-2,吉庆祥和,186,116,138
RN0005-4,春樱,255,242,243
RN0006-4,恋爱之色,251,223,231
RN0007-4,绚烂粉蜜,247,207,217
RN0008-4,生如夏花,238,185,202
RN0009-3,浓情蜜桃,227,161,181
RN0010-2,落燕,211,128,145
RN0011-2,红磨坊,196,104,120
RN0012-4,夏日精灵,254,236,236
RN0013-4,娴静淑女,249,217,224
RN0014-4,香芋派,239,203,212
RN0015-4,醉颜羞涩,226,181,194
RN0016-3,烟熏粉,210,159,175
RN0017-2,冰乌梅,191,126,142
RN0018-2,蜜豆,175,106,120
RN0019-4,香甜嫩粉,255,226,233
RN0020-4,蕾丝公主,250,222,225
RN0021-4,美人初醉,238,200,208
RN0022-4,海棠花香,229,179,190
RN0023-3,豆沙红,216,157,171
RN0024-2,浆果色,198,123,134
RN0025-2,相思豆,181,103,112
RN0026-4,天使之翼,254,240,237
RN0027-4,窈窕淑女,248,213,215
RN0028-4,露染胭脂,242,197,199
ON1910-4,空谷幽兰,229,171,176
RN0030-3,印度红,210,147,154
RN0031-2,红枫林,198,117,120
RN0032-1,石榴红,185,98,100
RN0033-4,粉果冻,255,246,245
RN0034-4,西雅图之夜,255,227,225
RN0551-4,静若处子,250,213,215
ON1960-4,千娇百媚,236,184,185
ON1970-3,想入非非,211,147,148
RN0580-2,百思草,201,127,130
RN0590-2,宝塔红,177,102,101
RN0035-4,宁静,254,234,227
RN0036-4,轻柔香吻,248,213,212
RN0037-4,蓓蕾绽放,241,197,197
RN0038-3,拉丁女郎,227,173,174
RN0039-3,立陶宛红,214,149,151
RN0040-2,印第安红,197,118,115
RN0041-1,深红烈焰,176,94,86
RN0301-4,顾影留盼,250,237,233
RN0608-4,水彩画,250,230,226
RN0751-4,三月桃红,250,203,198
RN0760-4,跳跃粉彩,238,188,186
RN0770-3,爱莲小语,222,157,158
RN0780-2,怡然黏土,196,122,121
RN0790-2,布达拉宫,180,99,97
RN0042-4,粉水晶,249,245,239
RN0043-4,梦寐,251,228,228
RN0044-4,浪漫之歌,239,193,191
RN0045-4,落英缤纷,249,185,185
RN0046-3,暖炉,232,158,157
RN0047-3,甜蜜蜜,225,145,145
RN0048-2,红薯,206,124,125
RN0049-4,哈达,255,253,247
RN0050-4,珠光淡粉,255,238,236
RN0051-4,蝶之恋,252,236,237
RN0710-4,玫瑰新娘,242,185,181
RN0720-3,珊瑚礁,223,149,145
RN0730-2,热情姜色,212,130,126
RN0740-2,深红,194,105,99
RN0708-4,番薯红,252,242,231
RN0607-4,红丝带,251,237,229
RN0052-4,芙蓉仙子,241,197,188
RN0053-4,映花,236,186,179
RN0054-3,陶瓷,221,159,151
RN0055-2,炉火,212,134,123
RN0056-2,朱丹,185,103,94
RN0057-4,淡粉,255,237,229
RN0058-4,漫步云间,245,204,199
RN0059-4,巴洛克圆舞曲,236,187,181
RN0060-3,私语,222,163,155
RN0061-3,红豆沙,209,141,134
RN0062-2,墨西哥风情,191,113,99
RN0063-1,瓦砾红,177,97,85
RN0064-4,梳妆,252,251,243
RN0065-4,伊甸园,253,243,243
RN1451-4,千千结,254,222,211
RN1460-4,鲜泡夫,245,186,178
RN1470-3,神殿红,226,153,142
RN1480-2,映山红,209,125,115
RN1490-2,新新人类,192,105,91
RN0066-4,昙花一现,255,241,229
RN1508-4,玫瑰石,254,235,224
RN0067-4,丰润映像,255,214,199
RN1410-4,妩媚娇娃,250,206,194
RN1420-3,小辣椒,229,169,158
RN1430-2,圣诞夜,220,149,134
RN1440-2,矿物红,199,125,107
RN0068-4,嫦娥,254,242,233
RN0069-4,淡粉迷香,255,237,226
RN0070-4,胭脂粉,249,214,204
RN0071-4,月季花,252,207,194
RN0072-3,嫣红,226,168,153
RN0073-2,火焰山,204,123,111
RN0074-2,焦糖玛奇朵,182,101,90
RN1501-4,轻纱遮面,254,243,230
RN0075-4,粉芳淡雅,255,242,236
RN1551-4,囡囡红,253,224,212
RN1560-4,玫瑰红,249,193,181
RN1570-3,三文鱼,237,161,148
RN1580-2,浓浓鲜橙,221,138,122
RN1590-2,红贝壳,206,111,94
RN0707-4,粉茉莉,251,243,233
RN1401-4,天然一色,252,239,225
RN0076-4,春城一瞥,252,218,203
RN0077-4,花姿,248,215,199
RN1660-4,龙虾沙律,242,189,171
RN0078-2,陶罐,212,137,119
RN0079-1,秋枫,182,92,70
RA8100-1,浪漫彩,187,77,101
RA0300-1,红色恋人,160,63,77
RA8000-1,瓦红,182,60,65
RA0400-1,滚滚红尘,165,63,62
RA0500-1,激情岁月,184,74,68
RA1500-1,番茄汁,178,71,56
RA0600-1,烈焰红唇,165,71,57
RA8300-1,醉红,186,67,59
RA7900-1,圣女果,199,82,55
RA0700-1,勃艮地红,125,67,60
RA1400-1,战地女神,146,72,65
RA1600-1,泥土芬芳,160,78,54
RA0800-1,胡桃木,91,66,62
OC0601-4,纯真岁月,253,241,233
OC7951-4,粉红棉,252,228,221
OC7910-4,山茶花,249,206,199
OC7920-3,荷红,248,173,163
OC0001-2,玫瑰花茶,242,142,138
OC7930-2,香山枫,227,128,120
OC7940-1,榴花红,201,95,88
OC0002-4,淡水粉,251,250,242
OC0508-4,岩石红,250,241,232
OC0701-4,粉霜,253,232,222
OC1510-4,红颜知己,254,214,206
OC1520-3,天鹅绒,251,183,172
OC1530-2,黎明拂晓,239,153,137
OC1540-2,西班牙女郞,231,126,110
OC0003-4,冰肌莹彻,255,248,241
OC0004-4,心随色动,255,227,221
OC0005-4,恋爱花火,255,213,207
OC0006-4,甜蜜粉,254,194,188
OC0007-3,香甜蜜桃,251,176,169
OC0008-2,桃乐丝,245,149,135
OC0009-2,西柚红,239,122,107
OC0010-4,美妙约会,255,242,234
OC0011-4,粉杏,255,230,223
OC0012-4,粉若桃李,255,221,216
OC0013-4,藕荷色,253,196,190
OC0014-3,西瓜红,251,176,170
OC0015-2,红粉,245,146,132
OC0016-2,红胭脂,232,126,110
OC0017-4,柔美色,255,243,228
OC0018-4,浣纱,252,220,201
OC1651-4,雨花石,251,206,186
OC1610-4,日光浴 ,250,198,177
OC1620-3,芊芊虾米,235,163,141
OC1630-2,小山羊,225,145,119
OC1640-2,杏仁夹心,206,119,94
OC0019-4,嫩荷,252,228,214
OC0020-4,香盈袖,249,213,196
OC0021-4,暖心,242,199,178
OC0022-3,康乃馨,233,179,158
OC1670-3,金银花,228,161,136
OC1680-2,棕瓦瓷,216,140,116
OC1690-2,热情白兰地,198,113,85
OC0023-4,淡奶泡沫,255,245,230
OC0024-4,都市甜心,246,206,182
OC0025-4,浓郁芬芳,242,199,175
OC0026-3,梅花鹿,231,176,145
OC0027-3,窑土,224,164,137
OC0028-2,牛奶糖,202,129,103
OC0029-1,砖红,183,98,73
OC0030-4,淡雅玫瑰,255,247,233
OC0031-4,精灵新娘,254,237,219
OC0032-4,丝柔百合,249,218,196
OC0033-3,远古呼唤,223,166,133
OC0034-2,秋日阳光,211,140,109
OC0035-2,火山红,194,121,88
OC0036-1,钢铁苍穹,176,93,64
OC2207-4,高地生活,252,243,226
OC2201-4,人面桃花,254,235,216
OC2251-4,十月红雾,248,212,190
OC2210-4,贝壳,240,197,171
OC2220-3,夕阳,222,165,134
OC2230-2,高粱穗,206,138,106
OC2240-2,采桔之乐,188,121,90
OC0037-4,莹嫩淡粉,255,247,231
OC0038-4,梦幻怡人,255,239,218
OC0039-4,丝袜奶茶,252,228,203
OC0040-4,三月东京,241,198,165
OC0041-3,部落风情,228,172,136
OC0042-2,可可,209,139,101
OC0043-2,肯尼亚土地,190,116,86
OC1701-4,玉米彩,255,246,228
OC0044-4,江边映日,250,219,193
OC0045-4,初妍,244,204,177
OC2260-4,三月桃花,244,199,168
OC2270-3,桃红灿烂,226,168,128
OC2280-2,琥珀叶,212,146,105
OC2290-2,阳光女孩,197,125,84
OC0046-4,梦幻想,254,246,234
OC0047-4,白杏色,255,249,236
OC0048-4,婵韵,248,211,182
OC0049-3,荷兰木鞋,231,178,139
OC0050-2,浅麻棕,221,154,111
OC0051-2,棕铜,203,134,92
OC0052-1,秋色,184,104,63
OC0053-4,胭红,255,242,235
OC0054-4,暗恋印象,255,231,216
OC0055-4,迷雾情缘,255,217,200
OC0056-4,蜜月,255,205,185
OC0057-3,橙香,253,179,158
OC0058-2,香橙味,249,153,119
OC0059-2,艳丽亮橘,241,131,96
OC0060-4,金纯卓颜,255,246,229
OC0061-4,粉裸色,255,231,212
OC0062-4,落日清风,255,224,205
OC0063-4,江南水红,255,203,179
OC0064-3,瑚光珊色,252,185,158
OC0065-2,活力亮橙,248,157,119
OC0066-2,火烧云,235,135,97
OC0067-4,樱花烂漫,253,252,251
OC0068-4,爱慕之情,255,235,216
OC0069-4,粉色夏恋,255,221,198
OC1710-4,温香暖玉,255,214,186
OC1720-3,杏黄,254,185,156
OC1730-2,天籁之音,249,158,122
OC1740-2,篝火彩,239,132,93
OC0070-4,嫩皙,255,243,224
OC0071-4,雪颜臻透,255,235,214
OC0072-4,美感粉瓷,255,221,195
OC0073-4,锦色流年,255,205,171
OC0074-3,温馨粉,255,188,151
OC0075-2,午后沙滩,250,160,110
OC0076-2,西部风情,241,140,88
OC1607-4,浅米色,251,249,237
OC2208-4,想往,253,242,225
OC1751-4,桃花彩,255,229,206
OC1760-4,蟠桃彩,254,213,180
OC1770-3,天使之吻,247,182,145
OC1780-2,热情沙漠,243,166,123
OC1790-2,水晶萝卜,226,139,94
ON0001-4,魔恋仙灵,255,247,227
ON8201-4,薄雾杏色,255,243,222
ON8251-4,枇杷黄,255,233,207
ON8220-4,热带水果,255,207,168
ON8230-3,黄鲤,255,187,140
ON0002-2,激情荷兰,248,139,83
ON0056-1,枫叶红,200,109,76
ON0003-4,如玉,255,250,234
ON0004-4,雪蜜,255,237,213
ON0005-4,摩登米兰,255,224,192
ON0006-4,金纯粉润,255,210,171
ON0007-3,橙红,255,191,145
ON0008-2,奇想世界,253,165,104
ON0009-2,晚霞红日,244,146,87
ON0010-4,风雪娇梅,255,242,217
ON0011-4,苍麒麟,254,240,215
ON8210-4,蜜桔,255,222,187
ON1820-3,温泉浴,251,190,140
ON1830-2,鲜橙汁,247,173,114
ON8240-2,金盏花,251,162,104
ON1840-2,十月金秋,235,143,85
ON0012-4,月色,255,246,222
ON0013-4,蜜霞,255,236,209
ON0014-4,容光焕发,255,226,192
ON0015-4,沙舞,255,208,163
ON0016-3,甜蜜金橘,255,195,147
ON0017-2,晚霞,254,169,103
ON0018-2,木瓜芬芳,252,151,82
ON0019-4,温情,253,243,221
ON0020-4,和煦,253,238,210
ON0021-4,乳橘色,255,227,189
ON0022-4,初夏枇杷,255,211,159
ON0023-3,蜜橙,255,200,145
ON0024-2,芒果柑橘,255,176,100
ON0025-2,午后艳阳,254,158,78
ON0026-4,清新优雅,255,250,227
ON0027-4,水梦之乡,255,233,194
ON0028-4,雨过天晴,255,228,184
ON0029-4,奶油曲奇,255,211,152
ON0030-3,沙滩小屋,255,199,131
ON0031-2,金菊蟹黄,255,179,92
ON0032-2,骄阳似火,255,165,73
ON0033-4,纯净光韵,255,252,227
ON1901-4,象牙海岸,255,248,220
ON0034-4,逐梦精灵,255,238,203
ON1910-4,烛光摇曳,255,221,173
ON1920-3,缅甸玉,255,203,137
ON1930-2,橘碧彩,254,182,101
ON1940-2,梦之果,254,162,73
ON1908-4,法式面包,255,245,220
ON0035-4,华丽印象,255,238,207
ON1951-4,阿里巴巴,255,233,192
ON1960-4,黎明之月,255,222,175
ON1970-3,大漠戈壁,252,198,140
ON1980-2,南瓜瓤,248,180,109
ON1990-2,印度玉米,234,159,85
ON1907-4,亚麻桌布,255,252,229
ON2708-4,果仁蛋糕,254,245,214
ON2751-4,金发碧眼,255,233,176
ON2760-3,倩女幽魂,254,208,139
ON2770-3,五谷丰登,255,202,115
ON2780-2,金海螺,253,187,81
ON2790-2,野菊花,242,167,65
ON0036-4,玄米,255,253,230
ON0037-4,粉嫩丝滑,255,238,196
ON0038-4,娇黄,255,231,177
ON0039-4,清新早晨,255,217,148
ON0040-3,芒果布丁,255,209,127
ON0041-2,鸡蛋黄,255,191,75
ON0042-2,满月,255,180,51
ON0043-4,冬日午后,255,252,223
ON3608-4,胡椒黄,254,246,217
ON2701-4,象牙黄,255,240,198
ON2710-4,太白金星,255,219,151
ON2720-3,正黄旗,255,204,112
ON2730-2,天竺黄,255,194,85
ON2740-2,万寿菊,255,182,61
ON0044-4,无瑕,255,255,245
ON0045-4,微光粼粼,255,246,222
ON0046-4,嫩水仙,254,229,186
ON0047-3,野餐时光,251,217,170
ON0048-3,甘草重生,237,188,133
ON0049-2,浓情蜜意,219,158,94
ON0050-2,鸳鸯奶茶,199,146,91
ON0051-4,水晶月亮,255,252,226
ON0067-4,米绸色,255,250,229
ON0052-4,珊瑚花,255,239,208
ON0053-4,蛋奶甜品,254,233,192
ON0054-3,阳光小屋,252,220,167
ON0055-3,杨枝甘露,248,197,138
ON0057-2,金棕榈,198,142,91
ON0058-4,春雨,242,236,220
ON0059-4,水清沙白,255,241,210
ON0060-4,桂花糖,253,227,191
ON0061-4,醇香燕麦,248,209,164
ON0062-3,土耳其黄,240,194,145
ON0063-2,桂圆蛋糕,223,170,110
ON0064-2,秋日稻谷,212,154,93
ON0065-4,古董白,254,248,230
ON0066-4,润采无暇,253,231,200
ON1810-4,橙花油,254,217,176
ON0068-4,菠萝冻,246,206,165
ON0069-3,南海诗人,234,185,143
ON0070-2,埃及古迹,219,161,109
ON0071-2,时尚棕榈,209,145,92
ON2508-4,含羞草,252,246,223
ON0072-4,梦仙缭绕,255,240,216
ON0073-4,朝霞,252,224,194
ON0074-3,杏仁茶,245,200,161
ON0075-3,极地晨光,248,197,155
ON0076-3,夕阳城堡,239,179,135
ON0077-2,苍茫大地,189,133,91
ON0078-4,轻幔绮罗,255,251,235
ON0079-4,淡雅韵味,255,242,219
ON0080-4,橘果酱,251,219,182
ON0081-3,金麒麟,238,189,149
ON0082-2,秋之叶,222,155,107
ON0083-2,金陶黄,220,153,106
ON0084-1,灵感穆斯,198,121,69
ON0085-4,釉粉,255,246,227
ON0086-4,盈漾淡雅,254,235,210
ON0087-4,流金岁月,248,211,178
ON0088-4,热情果,243,201,166
ON0089-3,沙漠之城,235,182,142
ON0090-2,黄河,224,159,111
ON0091-1,秋意绵绵,198,116,69
ON0092-4,天鹅梦,255,250,234
ON0093-4,可可松饼,255,236,209
ON1851-4,昨日再现,255,231,195
ON1860-4,杏仁花,251,215,181
ON1870-3,古龙香,241,178,136
ON1880-2,芒果彩,228,155,104
ON1890-2,琉璃橙,209,129,78
ON1708-4,珊瑚海滩,251,241,224
ON0094-4,莹彩粉色,255,241,227
ON0095-4,纤舞,253,229,206
ON0096-3,深裸粉,247,204,170
ON0097-3,黄枫叶,240,181,138
ON0098-2,敦煌古迹,222,157,115
ON0099-2,赭石,208,136,87
ON1707-4,蜜柚,252,248,234
ON2301-4,飞絮,254,242,222
ON1601-4,粉色象牙,254,237,218
ON2310-4,浅杏,247,207,174
ON2320-3,彩云飞,236,183,142
ON2330-2,橘柚,215,156,113
ON2340-2,福桔,200,134,93
ON1807-4,楸木红,253,246,228
ON2401-4,名瓷,253,243,223
ON2351-4,杏元饼干,252,228,203
ON2360-4,驼绒,243,209,182
ON2370-3,浅棕,220,176,140
ON2380-2,茶色,206,152,114
ON2390-2,坚果,188,131,93
OA0001-1,暖城 ,174,96,61
OA2200-1,铁锈红,160,91,57
OA2000-1,红砖瓦,173,111,70
OA2400-1,复活节,129,90,62
OA1000-1,蓝山咖啡,117,76,63
OA1200-1,哈瓦那雪茄,115,84,69
OA2100-1,巴厘岛,125,83,61
OA1700-1,鹤顶红,210,89,60
OA0002-1,印度檀香,150,77,52
OA0003-1,群枫林丽,204,95,53
OA8200-1,橙黄,226,99,44
OA0004-1,孟加拉,223,112,51
OA1800-1,鲜橙飘香,228,124,54
YC0001-4,云香,255,250,223
YC0002-4,明润丰采,255,253,223
YC0003-4,魔法奇缘,255,240,192
YC0004-4,诱人芝士,255,237,180
YC0005-3,金色佳人,253,217,134
YC0006-2,澳洲海岸,250,200,98
YC0007-2,秋日原野,255,192,68
YC2808-4,睡莲,255,253,230
YC3808-4,官窑瓷器,254,252,224
YC2851-4,梨碧花,255,243,197
YC2860-4,大波斯菊,255,231,165
YC2870-3,茉莉花,255,217,133
YC2880-2,落日熔金,253,207,108
YC2890-2,欢歌笑语,247,182,64
YC2807-4,黄飘带,253,252,234
YC3708-4,蜡烛黄,254,251,224
YC2801-4,秋日私语,255,252,223
YC2810-4,喜气洋洋,255,233,168
YC2820-3,幸运彩,255,215,123
YC2830-2,飞黄腾达,255,204,94
YC2840-2,向日葵,255,187,54
YC0008-4,甜奶油,255,255,229
YC0009-4,小岛金沙,255,246,206
YC0010-4,午后鹅黄,255,239,186
YC0011-4,芒果慕司,255,230,164
YC0012-3,星晴,255,219,135
YC0013-2,油菜花,255,209,95
YC0014-2,辉煌,255,192,50
YC0015-4,融雪,255,255,228
YC0016-4,水映朝阳,255,251,210
YC0017-4,月光林地,255,245,196
YC0018-4,凤梨酥,255,235,164
YC0019-3,榴莲飘香,255,226,137
YC0020-2,田园小麦,255,213,98
YC0021-2,琵琶满枝,255,203,74
YC0022-4,芝士彩,255,255,221
YC0023-4,醉清风,255,255,219
YC0024-4,沙琪玛,255,247,196
YC0025-4,柠檬香味,255,243,175
YC0026-3,灿烂,255,231,144
YC0027-2,新月,255,224,122
YC0028-2,稻草人,253,200,76
YC2907-4,精梳棉,255,254,236
YC0029-4,香浓椰浆,255,255,225
YC2951-4,花粉黄,255,245,191
YC2960-4,甜曲奇,255,239,175
YC2970-3,妙龄女郞,255,225,136
YC2980-2,秋海棠,255,217,108
YC2990-2,阳光灿烂,255,196,62
YC4808-4,小木马,254,254,240
YC0030-4,栀子花,255,255,238
YC2901-4,琥珀彩,255,251,214
YC2910-4,柠檬香,255,242,178
YC2920-3,谷黄彩,255,227,131
YC2930-2,王室黄,255,218,110
YC2940-2,玛雅彩,255,203,59
YC0031-4,月半弯,255,254,223
YC0032-4,五月花,255,251,209
YC0033-4,金银花露,255,242,178
YC0034-4,阳光心情,255,235,167
YC0035-3,中秋月圆,255,227,143
YC0036-2,碎金,255,217,97
YC0037-2,金丝带,255,201,58
YC0038-4,蚕丝白,254,255,238
YC0039-4,星月神话,255,252,209
YC0040-4,金香槟,255,247,186
YC0041-4,淘气小熊,255,241,169
YC0042-3,蜜糖奶黄,255,233,144
YC0043-2,豆芽黄,255,221,98
YC0044-2,金冠,255,211,69
YC0045-4,轻抚,250,250,222
YC0046-4,奶油杏仁,255,253,214
YC0047-4,香蕉果泡,255,244,192
YC0048-4,浓郁奶酪,255,240,175
YC0049-3,樱草色,255,230,139
YC0050-2,鹅黄香蓉,255,221,111
YC0051-1,塔里木,250,193,51
YC0052-4,透明黄,255,255,226
YC3008-4,金发美女,254,252,216
YC3051-4,晨光,255,248,196
YC3060-3,黄玫瑰,253,232,148
YC3070-3,菠萝蜜,254,225,122
YC3080-2,芥末彩,236,196,81
YC3090-1,金光大道,224,179,54
YC3107-4,奇迹,254,255,230
YC3101-4,黄金海岸,255,253,218
YC3251-4,珍珠黄,255,251,208
YC3110-4,柠檬果冻,255,243,175
YC3120-3,满天星,255,236,144
YC3130-2,正午阳光,255,228,120
YC3140-2,韭黄,251,212,74
YC3201-4,黄麻彩,255,255,228
YC3001-4,和平之光,255,254,222
YC0053-4,谷道小米,255,252,202
YC3010-4,波尔尼香槟,255,246,175
YC3020-3,金土地,255,235,134
YC3030-2,黄紫苑,255,227,108
YC3040-2,阳光普照,255,209,60
YC0054-4,开心果,255,253,215
YC0055-4, 蛋奶酥,255,251,194
YC0056-4,波斯公主,255,244,167
YC0057-3,柠檬果酒,255,236,136
YC0058-3,鹅黄,255,234,138
YC0059-3,阳光明媚,255,225,111
YC0060-2,日光黄,255,214,68
YC0061-4,月光爱人,255,255,224
YC0062-4,驼铃,255,254,211
YC0063-4,篱笆外,255,248,184
YC0064-4,俏丽曙光,255,244,169
YC0065-3,玉米甜心,255,239,148
YC0066-2,金沙,255,227,98
YC0067-2,晨光依旧,255,218,66
YC3707-4,帆布工装,251,253,236
YC0068-4,美人鱼,255,254,223
YC3151-4,蕾丝花边,255,253,207
YC3210-4,北极春,255,252,194
YC3220-3,报春花,255,245,149
YC3230-2,金榜题名,255,236,116
YC3240-2,柠檬露,255,223,69
YC3108-4,卡普里清酒,254,254,227
YC0069-4,茉莉飘香,255,253,214
YC0070-4,沉色月光,255,252,188
YC0071-3,萤火之光,255,244,147
YC0072-3,鲜柠果萃,255,240,125
YC0073-2,浅桔黄,255,234,120
YC0074-2,香蕉船,251,215,79
YC0075-4,夜明珠,254,255,234
YC0076-4,柠檬汁,255,255,216
YC0077-4,雏菊,255,252,188
YC0078-4,菊花露,255,248,167
YC0079-3,太阳花,255,242,146
YC0080-2,金色华尔兹,255,235,103
YC0081-2,酸甜柠檬,255,228,68
YC0082-4,煦日阳光,255,254,204
YC0083-4,劲舞青春,255,245,167
YC3260-3,淡咖哩,253,240,158
YC3270-3,百子莲,248,230,133
YC3280-2,宝石黄,243,225,127
YC3290-2,黄水晶,229,203,83
YC0084-2,温室花朵,244,215,86
YN0001-4,玉兰花,255,255,228
YN3207-4,三月阳光,250,253,227
YN4951-4,石上清泉,247,244,215
YN0002-4,舒活自然,241,237,199
YN0003-3,清新抹茶,235,222,168
YN0004-2,橄榄油,218,198,128
YN0005-2,绿咖喱,198,178,104
YN0006-4,浅黄帷幔,255,255,224
YN0007-4,棉花糖,255,255,216
YN0008-4,梨花香,253,250,199
YN0009-4,柠绿,249,239,174
YN0010-3,土豆色拉,239,227,153
YN0011-2,东藤,229,209,112
YN0012-2,芥末黄,212,191,89
YN0013-4,北极光,255,255,227
YN0014-4,晨星,255,253,214
YN0015-4,邂逅柔情,255,247,197
YN0016-4,星光灿烂,251,239,174
YN0017-3,稻花芬芳,246,227,152
YN0018-2,玛雅之谜,239,210,113
YN0019-2,绚魅金彩,228,194,88
YN2908-4,色拉浆,250,251,233
YN3307-4,愉悦,251,252,221
YN0020-4,冰菊物语,253,251,214
YN3160-4,庭院深深,249,239,181
YN3170-3,木兰彩,246,224,148
YN3180-2,橄榄彩,235,208,115
YN3190-2,沙茶彩,222,189,89
YN3308-4,残月,254,252,223
YN3301-4,鲜奶油,255,253,216
YN3351-4,石英砂,251,244,198
YN3310-4,醇黄,252,240,182
YN3320-3,小嫩芽,248,227,152
YN3330-2,蜂蜜黄,245,217,125
YN3340-2,树皮色,223,188,83
YN0021-4,珍珠母贝,255,253,225
YN0022-4,快乐之源,255,251,211
YN0023-4,月光派对,255,248,201
YN0024-4,活力绽放,252,234,169
YN0025-3,丰收梨,248,224,150
YN0026-2,花蕊,243,207,113
YN0027-2,清新芒果,230,190,91
YN0028-4,幼羽,254,255,236
YN0029-4,回声,254,246,203
YN0030-4,乳黄,255,242,185
YN3360-4,流光溢彩,254,235,182
YN3370-3,金色年华,241,211,138
YN3380-2,角斗士,226,189,104
YN3390-2,黄铜彩,209,170,78
YN0031-4,俄国风情,255,255,228
YN0032-4,淡奶饼干,255,249,212
YN0033-4,南国韵味,255,242,194
ON1960-4,琵琶风,253,233,171
ON1970-3,法国干酪,250,220,148
YN0036-2,撒哈拉,242,201,110
YN0037-2,罗马假日,232,186,90
YN3807-4,素色,252,252,237
YN0038-4,番木白,255,253,233
YN3751-4,乡村印象,255,241,203
YN3760-4,回忆,250,233,187
YN3770-3,鹰击长空,237,208,150
YN3780-2,陨石,221,187,122
YN3790-1,编钟,191,155,78
YN3007-4,虔诚,254,255,242
YN3701-4,象牙,254,250,224
YN0039-4,沙滩,249,240,213
YN3710-4,嫩黄,247,229,183
YN3720-3,新木,222,188,120
YN3730-2,浣溪流沙,222,188,119
YN3740-2,香料黄,205,169,100
YN0040-4,芝心,255,252,224
YN0041-4,绵密丝语,255,250,228
YN0042-4,淳美豆香,255,233,181
YN0043-3,德克萨斯,251,215,150
YN0044-3,禅香,250,212,144
YN0045-2,吐司,247,199,118
YN0046-2,恒河圣水,237,183,97
YN0047-4,白巧克力,251,249,233
YN0048-4,哈根,255,250,221
YN0049-4,晨之美,255,250,223
YN0050-4,醇香蜂蜜,255,234,188
YN0051-3,魔幻土豆,250,214,155
YN0052-3,黄金酥,251,214,152
YN0053-2,斯巴达,242,193,112
YN0054-4,新白,255,254,234
YN3601-4,香草黄,253,246,218
YN3651-4,清风明月,253,233,188
YN3610-3,枯藤,234,196,139
YN3620-2,金秋岁月,224,180,114
YN3630-2,金色果园,206,155,85
YN3640-1,野外烧烤,178,132,65
YN0055-4,软玉温香,255,251,225
YN0056-4,楼兰古城,253,237,202
YN0057-4,卡萨布兰卡,252,229,190
YN0058-4,软陶,248,215,167
YN0059-3,提拉米苏,237,199,145
YN0060-2,火舞黄沙,229,180,112
YN0061-2,复古焦糖,213,162,93
YN0062-4,雅韵琥珀,255,247,214
YN0063-4,咖啡泡沫,254,234,186
YN0064-3,旋转木马,248,209,152
YN0065-3,夏日枇杷,247,197,129
YN0066-3,姜糖奶茶,246,195,127
YN0067-2,飘叶,223,162,86
YN0068-1,秋日漫步,202,134,54
YN0069-4,象牙塔,255,253,237
YN0070-4,欢沁密语,255,237,203
YN0071-4,酒暖,253,228,189
YN0072-4,秋湖,248,211,164
YN0073-3,温馨奶咖,238,196,142
YN0074-2,茫茫沙漠,228,176,111
YN0075-2,麦风,216,158,90
YA1900-1,宝莲灯,236,141,43
YA2700-1,新奇士橙,251,165,48
YA2800-1,非洲菊,249,177,35
YA2900-1,明黄,254,193,37
YA8600-1,奶黄,255,202,0
YA8700-1,华盖金,255,210,0
YA3000-1,春华秋实,252,205,51
YA3200-1,眩目,248,203,35
YA3100-1,交响乐,236,197,56
YA3300-1,南屏晚钟,204,167,66
YA4800-1,刚果,147,122,59
YA3600-1,琥珀,165,121,58
YA2300-1,山核桃,167,113,68
GC0001-4,苏打水,252,255,217
GC0002-4,白桦林,251,254,207
GC0003-4,青梅竹马,252,253,194
GC0004-4,薄阳,251,249,165
GC0005-3,深邃柠檬,248,244,141
GC0006-2,苹果薄荷,241,233,98
GC0007-2,水清柳叶,247,232,76
GC0008-4,君子之交,249,254,221
GC0009-4,青柠汽水,249,253,210
GC0010-4,轻扬晨光,247,250,193
GC0011-4,酸苹果,247,246,175
GC0012-3,豌豆色,244,240,153
GC0013-2,早春玉露,238,227,113
GC0014-2,雨露娇叶,227,216,93
GC0015-4,雪融冰晶,250,255,227
GC0016-4,落日,253,255,216
GC0017-4,白茶,247,251,208
GC0018-3,清新宜人,241,239,148
GC0019-3,嫩芽绿,228,230,131
GC0020-2,青柠乐园,215,218,86
GC0021-2,绿玉薄荷,223,227,82
GC4001-4,叶飘香,250,252,202
GC4051-4,柳叶彩,254,252,192
GC0022-4,绿芽,248,249,166
GC4010-3,绿之灵,236,230,133
GC4020-2,树影婆娑,226,220,107
GC4030-2,酸柠檬,210,207,80
GC4040-1,青橙彩,201,193,58
GC3208-4,桂花黄,248,251,218
GC4007-4,秋思,245,249,207
GC4008-4,幻彩绿,241,244,193
GC4060-3,野性大自然,223,229,126
GC4070-2,查特酒,210,217,96
GC4080-2,绿野仙踪,201,207,86
GC4090-1,拂堤垂柳,176,184,61
GC4107-4,冷黄,247,251,218
GC4101-4,尼河日照,249,252,213
GC0023-4,新茶,243,249,194
GC4110-3,春意盎然,237,245,168
GC4120-3,树芽儿,219,235,129
GC4130-2,春色满园,196,219,92
GC4140-1,翠竹,182,203,73
GC5001-4,圣洁,249,253,232
GC4108-4,网纹甜瓜,241,249,213
GC4151-4,绿精灵,240,247,193
GC4160-3,春江水暖,222,238,164
GC4170-3,水果馅饼,207,229,137
GC4180-2,奇异果,176,204,88
GC4190-1,青青苔原,159,186,70
GC4507-4,草木芳华,248,253,235
GC4208-4,无忧草,241,251,218
GC4251-4,青橙淡彩,238,246,210
GC4210-4,香木缘,227,247,186
GC4220-3,新叶,203,235,151
GC4230-2,甜蜜绿,186,222,119
GC4240-2,翠绿,161,208,97
GC4207-4,甘蓝草,245,252,228
GC0024-4,碧罗相依,233,253,214
GC0025-4,冰镇芭乐,223,250,192
GC4310-4,春意融融,223,246,193
GC4320-3,荷绿,204,236,161
GC4330-2,草绿,171,218,119
GC4340-2,倾城之绿,147,199,97
GC0026-4,新绿百合,239,255,227
GC4551-4,亮绿,223,248,205
GC0027-4,原味绿茶,214,247,193
GC4510-4,游园惊梦,208,240,185
GC4520-3,田园交响曲,184,229,154
GC4530-2,万象更新,163,216,126
GC4540-2,三叶草,132,197,94
GC4608-4,薄荷新叶,241,252,234
GC5301-4,淡荷彩,240,254,232
GC4651-4,清风拂面,225,249,216
GC4610-4,沫香奶茶,201,239,191
GC4620-3,清凉薄荷,176,229,171
GC4630-2,无花果,137,204,129
GC4640-2,蕃石榴,113,193,103
GC5608-4,峡谷烟云,239,251,239
GC5407-4,山泉水,240,253,236
GC0028-4,青涩果实,206,248,207
GC5310-4,冰薄荷,199,243,203
GC5320-3,百香茗,164,228,171
GC5330-2,祖母绿,126,206,135
GC5340-2,都柏林狂欢,95,188,112
GC6201-4,细雪,235,251,240
GC6108-4,匈奴铁骑,233,249,235
GC0029-4,间春绿色,217,241,222
GC5360-4,浮萍,188,233,199
GC5370-3,暹罗绿,156,215,172
GC5380-2,绿宝石,121,191,137
GC5390-2,明尼苏达之梦,99,171,115
GC4308-4,金山棕,234,248,228
GC4401-4,奶油黄瓜,234,250,226
GC0030-4,水漾活力,211,244,212
GC4660-4,青翠山岗,205,240,207
GC4670-3,沼泽地,171,222,180
GC4680-2,灌木苁蓉,138,196,143
GC4690-2,茶园飘香,111,176,115
GC5408-4,溪水潺潺,239,251,237
GC5308-4,惆怅,234,248,227
GC4508-4,常青树,228,251,220
GC4560-4,青山翠谷,198,234,196
GC4570-3,绿岛之梦,158,209,162
GC4580-2,翡翠,139,194,139
GC4590-2,绿色召唤,112,167,111
GC0031-4,苏梅岛,243,255,246
GC0032-4,泉之绿,236,255,243
GC5401-4,台地风光,222,247,231
GC5410-4,绿火花,173,236,205
GC5420-3,绿色旋风,140,224,182
GC5430-2,翠玉,105,205,150
GC5440-2,爱林岛,65,183,126
GC5601-4,沧海月明,235,253,240
GC5507-4,水果清香,231,251,235
GC5501-4,霜绿,229,252,235
GC5510-4,纯绿,184,238,214
GC5520-3,平静湖水,146,225,191
GC5530-2,云霓翻飞,95,199,157
GC5540-2,锦茵,61,180,133
GC0033-4,天鹅湖,252,255,217
GC0034-4,夏草,251,254,207
GC5451-4,小家碧玉,199,243,217
GC5460-4,雾中翡翠,181,232,207
GC5470-3,玉壶冰心,140,201,172
GC5480-2,心语,116,187,150
GC5490-2,弄臣,92,162,125
GC0035-4,莹澈光芒,237,255,249
GC6207-4,冰晶蓝,234,252,244
GC5551-4,清川,204,247,226
GC5560-4,海隅微阳,197,237,223
GC5570-3,幻象浮生,152,212,196
GC5580-2,烟霞,113,183,165
GC5590-2,沙漠绿洲,87,158,139
GC0036-4,往事如烟,251,249,165
GC5801-4,冰雾,222,245,236
GC5651-4,寂寞清秋,202,247,234
GC5660-4,寒馨,181,229,219
GC5670-3,山水一色,144,206,199
GC5680-2,长沟流月,95,172,162
GC5690-2,磬罄之器,70,145,137
GC5908-4,圣殿山,237,251,241
GC5708-4,山间飞瀑,222,249,240
GC5751-4,海之女,200,245,237
GC5760-4,冰兰,182,227,222
GC5770-3,蓬莱仙境,139,196,194
GC5780-2,西域奇宝,98,168,168
GC5790-2,江枫渔火,69,145,144
GN4908-4,小溪流,249,252,236
GN5007-4,泉城风景,245,248,231
GN5051-4,洋葱,241,243,208
GN5010-4,草原回春,230,233,195
GN5020-3,灌木,206,213,164
GN5030-2,青葱,178,183,122
GN5040-2,春回大地,163,165,103
GN5207-4,寒江冷月,237,241,231
GN4408-4,极地雪橇,235,240,223
GN5107-4,苦艾草,235,240,217
GN5060-4,晨雾,228,232,197
GN5070-3,莴苣,203,208,165
GN5080-2,狮峰龙井,172,181,127
GN5090-2,埃塞克斯绿,154,160,106
GN5201-4,银狐,239,244,233
GN4201-4,苦艾酒,247,253,229
GN4501-4,霜封苔原,241,252,226
GN5110-4,甘蔗,218,229,188
GN5120-3,绿水涟涟,193,206,157
GN5130-2,柳浪闻莺,175,191,131
GN5140-2,生菜,148,164,104
GN5108-4,牧场风暴,237,245,228
GN6007-4,青涩酸橙,228,237,216
GN5151-4,薄荷绿,223,236,208
GN5160-4,青青草场,210,226,196
GN5170-3,哈密瓜,189,206,163
GN5180-2,荷塘月色,163,182,138
GN5190-2,发财树,135,156,111
GN5101-4,冬园即景,245,248,226
GN4307-4,青柠汁,241,249,225
GN4301-4,早春时节,247,254,228
GN4260-4,嘉年华,219,234,188
GN4270-3,南卡风情,205,222,167
GN4280-2,绿树林,172,192,121
GN4290-2,冬青新绿,152,176,102
GN4607-4,浅草绿,248,254,238
GN4601-4,松柏常青,242,253,229
GN4351-4,春水微澜,230,250,215
GN4360-4,绿水晶,211,237,195
GN4370-3,峻峭山崖,188,218,166
GN4380-2,苔绿,160,198,133
GN4390-2,蒲公英,130,171,103
GN4407-4,夏雨,237,247,232
GN5351-4,冰绿,226,250,219
GN0005-4,早春遐想,228,253,217
ON1910-4,翠堤春晓,202,231,192
GN4420-3,幽谷兰香,176,215,165
GN4430-2,孤岛绿洲,137,181,123
GN4440-2,芳草青青,118,167,108
GN5307-4,秋水云庐,235,247,233
GN5508-4,草本精华,239,253,239
GN4451-4,似水柔情,218,240,211
ON1960-4,阿拉伯绿,195,227,194
ON1970-3,乡村四月,162,206,165
GN4480-2,豌豆荚,138,184,138
GN4490-2,竞技场,112,161,114
GN5208-4,蓝调爵士,232,242,227
GN6008-4,薄荷精油,236,246,233
GN6051-4,晨雾漫漫,214,232,215
GN6010-4,浅绿,210,229,208
GN6020-3,绿珍珠,179,205,183
GN6030-2,一叶轻舟,142,172,145
GN6040-2,竹影,123,152,125
GN6607-4,细雨情丝,243,253,245
GN6001-4,柠檬汽水,238,249,233
GN6107-4,布鲁塞尔灰,226,241,229
GN6060-4,烟雨朦朦,198,223,208
GN6070-3,苔菁,163,194,175
GN6080-2,绿孔雀,129,162,138
GN6090-2,青铜宝鼎,106,141,118
GA4000-1,早春三月,213,205,51
GA4100-1,枯木逢春,163,167,65
GA5000-1,佛罗里达棕,117,118,61
GA4900-1,棕榈树,122,114,71
GA8800-1,嫩黄绿,172,207,61
GA4200-1,眉目传情,119,173,67
GA4500-1,草木争春,61,153,81
GA5100-1,鳄梨,95,113,75
GA0001-1,翡翠绿,77,105,78
GA4400-1,热带雨林,76,104,76
GA4300-1,圣诞树,72,136,69
GA6000-1,格林那达,79,114,93
GA4600-1,野薄荷,43,114,74
BC6407-4,雁南飞,244,255,248
BC5707-4,在水一方,232,251,243
BC5701-4,萧瑟西风,224,251,242
BC5610-4,烟涛微茫,175,242,228
BC5620-3,竹露滴青,132,225,209
BC5630-2,苍翠欲滴,81,202,181
BC5640-2,玉珏,45,185,161
BC6701-4,思绪万千,231,249,244
BC0001-4,幽静湖蓝,199,251,244
BC5851-4,昨夜星辰,191,239,234
BC5710-4,秋波流转,172,236,228
BC5720-3,清水湾,128,218,212
BC5730-2,寒雨连江,74,193,183
BC5740-2,木兰岩,25,175,165
BC6608-4,晨歌,240,252,246
BC5808-4,冒险精神,234,252,247
BC5951-4,仙乐飘飘,199,240,238
BC5810-4,浅蓝,172,232,229
BC5820-3,碧空如洗,118,209,210
BC5830-2,珠箔,68,185,188
BC5840-2,华烛,10,164,167
BC0002-4,素雅绿,238,251,245
BC5907-4,外层空间,231,250,246
BC5901-4,云林烟雾,223,248,243
BC5910-4,一望无际,166,226,232
BC5920-3,镜湖倒影,125,210,221
BC5930-2,地中海,74,179,193
BC5940-2,画楼西畔,34,166,177
BC7407-4,水粉画,244,255,251
BC0003-4,碧幽水,224,245,245
BC6601-4,萍水相逢,222,246,244
BC6610-4,一帘幽梦,167,227,239
BC6620-3,霸王花,117,201,221
BC6630-2,马赛蓝,71,176,201
BC6640-2,金陵遗梦,9,152,178
BC7307-4,北欧港湾,238,250,246
BC7401-4,雾都黎明,225,244,240
BC0004-4,涟漪,208,236,235
BC5860-4,似水流年,177,222,226
BC5870-3,落山风,134,196,203
BC5880-2,蓝色多瑙河,96,166,175
BC5890-2,镜花缘,66,142,150
BC6807-4,暮鼓晨钟,237,252,250
BC0005-4,森林公主,206,237,241
BC0006-4,冰清,187,228,241
BC5960-4,快乐老家,180,223,229
BC5970-3,谨慎,135,193,206
BC5980-2,心情故事,97,162,174
BC5990-2,亲密接触,71,138,153
BC0007-4,青云,225,253,255
BC0008-4,秋泉,185,223,229
BC6310-4,蒂罗尔蓝,171,213,220
BC0009-4,波罗的海,160,207,217
BC6320-3,吸铁石,125,180,192
BC6330-2,波特兰,97,157,167
BC6340-2,幽幽深谷,72,131,143
BC7301-4,太虚幻境,230,242,238
BC7501-4,极地寒冰,226,242,239
BC6308-4,雾锁冰洋,218,239,239
BC6210-4,蓝贵人,180,215,216
BC6220-3,阿拉斯加,149,191,194
BC6230-2,叶脉青,112,156,160
BC6240-2,岩石,83,132,132
BC5607-4,希望,242,254,246
BC6307-4,大风暴,230,243,236
BC6351-4,牛津纺,208,230,227
BC6360-4,瑞雪丰年,196,221,222
BC6370-3,蓝色星球,150,189,198
BC6380-2,云中漫步,121,161,168
BC6390-2,海底世界,91,137,147
BC0010-4,清澈无瑕,232,251,250
BC6408-4,恋巢雏鸟,230,246,245
BC0011-4,幽兰,195,230,238
BC6410-4,睡美人,191,224,231
BC6420-3,蓝眼睛,144,192,210
BC6430-2,蓝印花布,106,160,178
BC6440-2,佛罗伦萨蓝,83,138,157
BC0012-4,云水谣,226,247,245
BC0013-4,沁心冰蓝,205,238,244
BC6651-4,鸟鸣,193,228,236
BC6660-4,极地清晨,172,214,226
BC6670-3,战地钟声,133,189,210
BC6680-2,风月,90,158,181
BC6690-2,马提尼,63,134,159
BC0014-4,云淡风轻 ,239,253,253
BC6708-4,平静海风,220,245,250
BC6751-4,法国蕾丝,187,229,244
BC6760-4,愚人码头,157,206,229
BC6770-3,暮蔼,125,187,218
BC6780-2,暴风雨,88,162,197
BC6790-2,远见卓识,68,139,178
BC6707-4,羞涩,237,251,249
BC0015-4,夏日水蓝,229,252,251
BC0016-4,湖滨之恋,202,237,251
BC6710-4,爱情鸟,164,219,241
BC6720-3,兰桂飘香,115,191,232
BC6730-2,风姿绰约,69,164,215
BC6740-2,蓝色妖姬,30,149,210
BC0017-4,细雨,219,245,255
BC0018-4,都柏林,203,237,255
BC0019-4,倩语,182,223,254
BC6810-4,挪威蓝,172,212,237
BC6820-3,淘气小孩,138,191,230
BC6830-2,银蓝,101,162,213
BC6840-2,亮蓝,64,135,191
BC0020-4,平和,213,239,247
BC0021-4,露珠,211,242,255
BC0022-4,春水,179,223,253
BC0023-3,祖母宝石,137,194,241
BC0024-2,海天一色,102,166,222
BC0025-2,湖蓝之意,99,164,222
BC0026-2,大洋风光,73,144,204
BN0001-4,微蓝,199,251,244
BN0002-4,水天一色,238,251,245
BN0003-4,爱尔兰,224,245,245
BN0004-3,茵梦湖,143,186,234
BN0005-2,爱琴海,109,155,214
BN0006-2,海洋之心,81,134,197
BN0007-2,比利时蓝,85,134,194
BN6908-4,冬日街灯,233,244,247
BN0008-4,淡淡忧郁,208,230,241
BN0009-4,晚塘月色,200,225,242
BN6910-4,水中花,178,208,234
BN6920-3,良辰美景,141,184,226
BN6930-2,雾紫,109,154,205
BN6940-2,意乱情迷,80,129,187
BN7807-4,夜色迷离,238,248,246
BN0010-4,冷感,216,233,240
BN6951-4,勿忘我,203,228,241
BN6960-4,蓝狐,174,205,226
BN6970-3,林涧青天,139,180,217
BN6980-2,流连,115,159,203
BN6990-2,王室蓝,81,129,178
BN0011-4,钻石冰蓝,217,245,255
BN6851-4,飘渺,196,227,244
BN0012-4,天湖,189,225,243
BN7510-4,韵蓝,182,212,228
BN7520-3,湾流,144,184,212
BN7530-2,海港晴空,106,152,187
BN7540-2,蓝色魅影,80,128,168
BN0013-4,云天蓝,216,239,247
BN0014-4,浅蓝晨雾,208,233,248
BN0015-4,蓝色瓷器,200,227,242
BN6860-4,紫罗兰,174,208,229
BN6870-3,贵夫人,131,176,213
BN6880-2,惊涛骇浪,110,154,191
BN6890-2,狂野之城,76,129,174
BN7608-4,风中低语,222,236,243
BN7651-4,飘蓝,204,224,234
BN7660-4,幸运星,190,210,225
BN7610-4,法国奶酪,176,205,227
BN7620-3,古镇运河,133,172,208
BN7630-2,威尼斯水道,109,150,184
BN7640-2,土耳其尖顶,85,128,169
BN7007-4,北风,245,253,251
BN0016-4,霜蓝,210,228,234
BN7551-4,亚得里亚海,192,216,227
ON1910-4,仲夏夜之梦,176,208,222
BN7570-3,北欧风情,128,167,194
BN7580-2,拿破仑,101,137,166
BN7590-1,布里思托蓝,63,100,126
BN6907-4,甜蜜遐想,235,248,248
BN0017-4,水乡船曲,198,227,242
BN0018-4,渔人码头,181,215,227
ON1960-4,飞燕草,166,205,222
ON1970-3,海蓝,127,173,198
BN7430-2,清花瓷器,97,150,177
BN7440-2,契木,71,124,152
BN6808-4,里海清波,237,248,249
BN7707-4,青烟飘渺,235,241,236
BN6451-4,蓝灰,199,223,227
BN6460-4,远方,174,204,216
BN6470-3,蓝地毯,137,175,193
BN6480-2,历史车轮,109,149,169
BN6490-2,蓝色庄园,83,124,146
BN0019-4,马尔代夫,233,250,244
BN7408-4,畅想,226,244,244
BN7451-4,空谷回声,197,224,230
BN7460-4,冬日晴空,176,210,221
BN7470-3,蓝天娇子,139,179,200
BN7480-2,夜未央,107,150,172
BN7490-2,怒海潮,76,123,146
BA5300-1,绿甲虫 ,36,144,91
BA5400-1,绿松石,22,149,110
BA5500-1,高尔夫球场,32,120,91
BA5600-1,牙买加甜酒 ,0,152,123
BA5700-1,桌球绿,0,135,119
BA6100-1,冰海航船,53,92,88
BA6200-1,禽鸟,32,87,87
BA5800-1,夏威夷,0,127,124
BA5900-1,深谷清泉,2,125,133
BA6600-1,深海蓝,8,119,139
BA6300-1,蓝色花瓶,22,92,99
BA6400-1,蓖麻籽,41,83,99
BA7400-1,波西米亚蓝,42,87,114
BA6700-1,情愫蓝桥,14,117,169
BA6800-1,末路狂花,32,105,160
BA6900-1,山海蓝,42,95,147
BA7000-1,蝶恋花,38,81,133
BA7500-1,扎染,44,76,106
BA7600-1,浩瀚深空,53,79,109
BA7300-1,深藏青,48,64,71
VC0001-4,微白,244,250,246
VC0002-4,紫蔓,221,237,255
VC0003-4,青花瓷,202,221,239
VC7010-4,水晶兰,189,208,233
VC7020-3,浪漫之都,149,178,218
VC7030-2,紫丁香,118,152,198
VC7040-2,脂粉,90,123,178
VC7008-4,冬日黄昏,228,238,241
VC7051-4,紫气东升,209,226,239
VC7060-4,人约黄昏,189,207,228
VC7070-3,爱在深秋,155,181,217
VC7080-2,虞美人,127,157,199
VC7090-2,欢快紫丁,102,133,182
VC0004-2,蓝莓之夜,95,124,183
VC0005-4,典雅灰,237,244,246
VC0006-4,紫草森林,201,221,250
VC0007-3,蓝田生玉,179,208,245
VC0008-3,澄净思考,137,180,229
VC0009-2,冬之心,122,156,213
VC0010-2,矢车菊,101,132,193
VC0011-2,遐想时刻,93,130,190
VC0012-4,冰岛,228,237,243
VC0013-4,灰色空间,218,232,244
VC0014-4,寒露,199,216,234
VC0015-4,霜露,175,196,220
VC7670-3,法国蓝,156,181,207
VC7680-2,紫色缎带,118,146,176
VC7690-2,忧郁王子,94,121,156
VC7710-4,天山雪莲,196,207,227
VC0016-4,格调紫,192,203,227
VC7720-3,蓝色诱惑,163,180,211
VC0017-3,天蝎之吻,151,166,202
VC7730-2,青藏高原,131,150,184
VC7740-2,托斯纳蓝,109,130,172
VC0018-2,月色星空,101,120,160
VC0019-4,烟尘,238,243,242
VC0020-4,失落星,232,239,241
VC0021-4,莲之影,208,219,237
VC7110-4,龙舌兰,195,205,230
VC7120-3,淡紫情调,159,173,212
VC7130-2,紫苑芬芳,131,146,195
VC7140-2,庄严蓝光,106,123,176
VC7108-4,淡雅丁香,239,244,246
VC7208-4,渴望,231,233,235
VC7151-4,夜来香,210,218,228
VC7160-4,紫雾丁香,194,203,223
VC7170-3,紫芽蓓蕾,161,174,208
VC7180-2,破晓,138,149,185
VC7190-2,神秘紫衣,113,125,163
VC7708-4,浪漫情调,238,242,243
VC7751-4,紫色花边,213,217,225
VC7760-4,波斯绸,195,201,217
VC7770-3,花样年华,159,168,192
VC0022-3,紫烟袅袅,159,166,186
VC7780-2,石楠花,141,149,175
VC7790-2,紫葡萄,109,118,149
VC0023-4,轻盈,229,234,251
VC0024-4,水晶之恋,210,216,248
VC0025-4,雪青,194,197,230
VC0026-3,紫秋,181,184,227
VC0027-2,优柔华贵,142,149,196
VC0028-2,紫薇花,120,126,174
VC0029-1,紫青,81,83,129
VC7251-4,梦幻丁香,221,220,232
VC0030-4,紫蜻蜓,217,217,232
VC7260-4,丁香小溪,205,204,226
VC7270-3,寂静繁星,168,168,205
VC7280-2,鸢尾花,145,142,190
VC7290-2,罗兰小饰,120,120,173
VC0031-2,安静旅程,123,122,164
VC0032-4,蓝莓奶昔,235,232,247
VC0033-4,爱的迷恋,218,216,238
VC0034-4,洋李色,226,216,245
VC7210-4,葡萄挂露,203,199,224
VC7220-3,紫光一隅,169,169,208
VC7230-2,马太福音,153,145,191
VC7240-2,风信子,131,123,176
VC0035-4,香芋奶昔,234,232,250
VC0036-4,迷迭香,219,217,242
VC0037-4,薄纱,224,222,248
VC0038-3,丁香少女,180,174,220
VC0039-3,浓郁紫罗兰,182,172,219
VC0040-2,林海之清,162,147,202
VC0041-2,夜上海,133,122,179
VC0042-4,樱花粉,246,241,249
VC0043-4,提子奶糖,236,230,247
VC0044-4,东洋兰,226,216,241
VC0045-4,紫霞,219,206,240
VC0046-3,奶油香芋,187,173,218
VC0047-2,紫薯,161,140,194
VC0048-2,紫色妖姬,140,117,172
VC0049-4,柔静,239,233,247
VC0050-4,轻歌曼舞,237,228,248
VC0051-4,魔幻精灵,232,215,242
VC0052-4,爱的魔力,216,194,232
VC0053-3,紫色迷情,195,167,211
VC0054-2,情迷莫斯科,175,138,190
VC0055-2,紫芋香甜,154,116,172
VC0056-4,酸甜蜜果,242,237,251
VC0057-4,香雾,244,228,248
VC0058-4,紫郁轻扬,236,215,242
VC0059-4,雨中起舞,220,192,229
VC0060-3,蔷薇紫,205,170,216
VC0061-2,冰紫,186,139,190
VC0062-2,紫荆花,166,117,172
VC0063-4,红粉相宜,252,237,247
VC0064-4,芦花映白,243,227,248
VC0065-4,婀娜背影,234,213,242
VC0066-4,紫玉兰,224,191,228
VC0067-3,晌午牵牛,208,169,214
VC0068-2,薰衣草田,191,139,189
VC0069-2,甜蜜黑加仑,172,116,170
VN0070-4,粉沁之心,248,235,253
VN0071-4,爱丽丝梦境,234,220,238
VN0072-4,浅紫烟云,224,207,226
VN0110-4,绣线菊,221,196,216
VN0120-3,梦幻佳人,188,155,184
VN0130-2,玉液琼浆,173,139,172
VN0140-2,神秘紫韵,144,111,146
VN0108-4,瑞士红,244,241,244
VN0151-4,西洋丁香,229,214,223
VN0160-4,悠悠若兰,214,198,213
VN0073-4,雾都恋人,220,197,216
VN0170-3,旷谷幽兰,185,165,186
VN0180-2,马鞭草,169,141,167
VN0190-2,清香李子,145,116,142
VN0074-4,西西里岛,247,239,247
VN0075-4,木槿怡人,230,224,239
VN0076-4,倩紫,223,212,230
VN0077-4,优雅紫,204,190,217
VN0078-3,兰花紫,189,171,202
VN0079-2,淡雅紫藤,161,137,169
VN0080-2,水晶葡萄,136,114,146
VN0081-4,微风记忆,240,244,248
VN0082-4,梦幻精灵,237,232,246
VN0083-4,索菲亚,228,220,239
VN0084-4,紫绒花,207,196,223
VN0085-3,丁香紫,184,177,210
VN0086-2,六月紫薯,159,147,183
VN0087-2,苍穹,135,122,159
VA7200-1,东方夜韵,81,83,129
VA8900-1,紫霭,104,86,127
VA0001-1,紫茄,118,83,135
VA8400-1,茄花紫,116,65,101
VA0200-1,红高梁,115,61,85
VA8500-1,梅红,138,71,93
VA0002-1,无星之夜,69,75,102
VA0003-1,夜色温柔,70,68,94
VA9000-1,紫光魅力,77,72,96
VA0004-1,紫色丝绒,91,78,108
VA0100-1,江南丝竹,95,68,77
VA7100-1,夜色寂静,64,85,131
VA7700-1,夜巴黎,66,78,102
NN7201-4,蝴蝶兰,238,237,235
NN0001-4,舒适,244,241,240
NN2651-4,幻影,215,210,205
NN2660-4,帏幔,204,196,189
NN2670-3,鼹鼠,165,154,147
NN2680-2,伊斯顿棕,153,137,130
NN2690-2,草原猎手,123,109,102
NN0002-4,百利甜酒,248,237,229
NN0003-4,香盈藕粉,236,227,222
NN0004-4,复古橡粉,227,216,209
NN2610-4,哔叽灰,204,194,187
NN2620-3,暮秋时节,177,162,155
NN2630-2,樵夫,148,131,122
NN2640-2,土棕,132,114,104
NN0005-4,可爱泡泡,246,233,233
NN0101-4,幽幽熏草,243,232,230
NN0851-4,祥云飘渺,225,205,199
NN0860-4,珊瑚,214,190,186
NN0870-3,褐珊瑚,190,157,153
NN0880-2,巧克力甜点,165,127,124
NN0890-2,高丽红参,133,97,94
NN0006-4,浮生若梦,255,248,242
NN0007-4,粉衣素裹,234,217,214
NN0008-4,水色如暮,221,198,194
NN0810-4,蔷薇,217,188,189
NN0820-3,失乐园,197,162,166
NN0830-2,巴黎玫瑰,172,130,132
NN0840-2,小浆果,138,98,102
NN0009-4,珍珠粉,252,243,237
NN0010-4,草莓牛奶,245,225,216
NN0910-4,春风桃红,213,180,177
NN0011-4,沙褐色,218,176,172
NN0920-3,大峡谷,195,153,150
NN0930-2,辰砂,171,122,115
NN0940-2,岁月留痕,144,96,90
NN0012-4,海贝壳,255,247,242
NN0013-4,法国橙花,249,235,227
NN0014-4,烟灰粉,233,204,197
NN0960-4,香石竹,216,191,183
NN0970-3,夜色米兰,188,158,149
NN0980-2,丰收苹果,164,128,118
NN0990-2,深秋落叶,144,106,98
NN0801-4,巧笑焉然,235,221,215
NN1001-4,艳影,236,212,202
NN0015-4,巧克力慕斯,230,198,190
NN1010-4,成熟浆果,211,170,160
NN1020-3,棕红,183,134,121
NN1030-2,热情爪哇,162,112,100
NN1040-2,红杉树,141,93,82
NN0808-4,甜蜜花香,249,238,231
NN0016-4,纯情奶咖,237,210,199
NN1051-4,粉红珊瑚,224,191,176
NN1060-4,欢快小鹿,213,175,162
NN1070-3,玫瑰心绪,179,135,119
NN1080-2,健康黝褐,166,116,98
NN1090-2,橡树叶,139,95,79
NN1408-4,澳洲坚果,246,238,230
NN1208-4,野蘑菇,246,235,223
NN0017-4,琥珀,229,191,175
NN1110-4,乡村小径,224,179,160
NN1120-3,面包布丁,192,143,126
NN1130-2,藤蔓,180,125,105
NN1140-2,光明大地,164,109,89
NN1407-4,矿石场,245,239,228
NN0807-4,精制白脱,247,237,226
NN0951-4,静谧米兰,241,221,208
NN1210-4,茶红,217,191,176
NN1220-3,巧克力奶,188,157,139
NN1230-2,桤木,162,128,110
NN1240-2,熟柚,146,111,94
NN1108-4,粉红蕾丝,252,243,230
NN1007-4,麦乳精,240,228,216
NN1251-4,韵红,231,211,194
NN1260-4,绛石,210,193,178
NN1270-3,印度褐,180,159,142
NN1280-2,伦敦褐,162,138,120
NN1290-2,肥沃大地,145,119,101
NN0908-4,杏仁果,250,246,235
NN1101-4,小桦树,250,238,224
NN1151-4,贝思黄,240,214,197
NN1160-4,凝褐,223,193,175
NN1170-3,丁香雨雾,203,163,141
NN1180-2,奶油蛋糕,175,130,104
NN1190-2,貂尾,159,111,88
NN0901-4,风尘仆仆,249,240,227
NN1608-4,埃尔沙,255,242,227
NN1008-4,贝壳红,251,237,223
NN2160-4,大漠风情,224,192,168
NN2170-3,日尔曼巧克力,195,154,129
NN2180-2,冰咖啡,184,140,113
NN2190-2,赤褐,157,113,88
NN2507-4,麦乡野花,251,244,229
NN1107-4,护花使者,247,239,226
NN2151-4,桃韫气息,242,215,193
NN2110-4,醇香奶酪,232,199,175
NN2120-3,秋叶,208,167,136
NN2130-2,切罗基棕,182,133,103
NN2140-2,娇羞丽娜,162,114,83
NN2307-4,星辰,251,244,226
NN2101-4,柔美肌肤,250,235,214
NN2051-4,胡桃彩,245,218,190
NN2060-4,高原羊驼,231,196,166
NN2070-3,黄土高坡,212,167,131
NN2080-2,紫铜,200,148,108
NN2090-2,激情摇滚,170,120,84
NN0018-4,芭蕾舞曲,255,253,246
NN1801-4,樱花彩,254,239,219
NN2001-4,香子兰,248,230,209
NN2010-4,玫瑰花蜜,242,206,171
NN2020-3,大马士革,220,176,139
NN2030-2,烟斗,205,154,113
NN2040-2,朱古力,187,131,93
NN2007-4,流沙,249,236,216
NN2108-4,锯叶草,253,239,219
NN2451-4,亚麻,239,222,202
NN2460-4,巧克力屑,217,189,163
NN2470-3,太妃糖,185,153,125
NN2480-2,可可豆,168,132,104
NN2490-2,红糖,149,115,87
NN2008-4,香草冰激凌,251,248,235
NN2308-4,粉珍珠,249,243,226
NN2408-4,大麦茶,249,236,217
NN2410-4,陶土,223,198,172
NN2420-3,漫沙飞舞,202,171,142
NN2430-2,丰收地,173,139,108
NN2440-2,可可浆,151,118,88
NN2407-4,欧洲亚麻,251,246,228
NN3401-4,荷兰乳酪,247,237,217
NN0019-4,温柔时光,237,218,188
NN3410-4,稻花香,237,215,184
NN3420-3,热带棕,214,183,150
NN3430-2,蚕茧,182,144,108
NN3440-2,橡木,162,125,90
NN1808-4,维多利亚黄,251,248,231
NN3508-4,鸡蛋布丁,250,246,226
NN3551-4,柔软白沙,246,231,205
NN3560-4,驼毛,236,217,187
NN3570-3,黄褐色,214,184,148
NN3580-2,博卡,180,148,109
NN3590-1,桃花心木,135,103,66
NN2607-4,夏日莉莲,252,249,240
NN2601-4,粉白,239,236,225
NN0020-4,奶咖,236,227,212
NN2560-4,可可果冻,228,216,200
NN2570-3,布莱垦棕 ,202,187,167
NN2580-2,龙蒿,177,158,133
NN2590-2,薪柴,155,133,112
NN0907-4,可可蛋奶,248,244,231
NN1201-4,薄雾玫瑰,240,234,223
NN2608-4,肩章红,233,230,222
NN2510-4,可可糖,221,210,190
NN2520-3,细沙海岸,199,183,160
NN2530-2,船缆,180,158,132
NN2540-2,楸木,159,137,111
NN1507-4,贝壳白,249,244,234
NN2551-4,古象牙,237,225,205
NN3451-4,曼哈顿印象,234,220,197
NN3460-4,午后奶茶,216,198,176
NN3470-3,亚麻布,193,169,139
NN3480-2,格林那达棕,167,141,109
NN3490-2,渤海湾,144,118,87
NN0021-4,妩媚,255,252,233
NN0022-4,天然纯米,255,246,224
NN0023-4,夏日闲情,255,248,222
NN3510-4,小甜饼,236,217,186
NN3520-3,洛韦尔,209,184,147
NN3530-2,卡米龙,190,156,114
NN3540-2,焦糖,166,132,91
NN2107-4,传世遗珍,249,244,230
NN0024-4,盈润无暇,255,251,232
NN0025-4,麦芽糖,239,211,169
NN3660-3,蜡黄,223,195,156
NN3670-3,苹果树,212,180,135
NN3680-2,卡塞尔褐土,185,146,96
NN3690-1,羚羊,145,111,69
NN3407-4,丝光棉,255,252,230
NN0026-4,白朗姆酒,255,250,223
NN2707-4,上弦月,251,247,219
NN3810-4,午后戈壁,234,219,185
NN3820-3,米色,216,194,150
NN3830-2,肃穆佛堂,203,177,128
NN3840-2,光辉圣地,185,157,109
NN4907-4,西风高原,249,249,234
NN4807-4,咖啡知己,249,246,226
NN4701-4,珍珠光华,249,244,223
NN4760-4,锡兰象牙,229,221,191
NN4770-3,滨海胜地,206,192,160
NN4780-2,田园风光,193,174,136
NN4790-2,别有洞天,165,147,111
NN1207-4,毛绒玩具,244,240,227
NN2501-4,蛋白奶糖,249,243,227
NN3851-4,轻舞飞扬,238,230,208
NN3860-4,淡米色,225,216,191
NN3870-3,浅咖,206,195,167
NN3880-2,卡斯风情,178,166,137
NN3890-2,巴伐利亚棕,154,142,113
NN3501-4,晨曦,252,246,227
NN3408-4,羊皮信纸,250,244,224
NN4751-4,金色牧场,242,231,207
NN4710-4,蟠桃,240,231,203
NN4720-3,稻田飘香,219,203,166
NN4730-2,白杨树,194,174,130
NN4740-2,卷发,169,148,105
NN4707-4,落叶,248,247,226
NN0027-4,珍珠耳环,255,252,230
NN0028-4,皓泽,255,255,234
NN0029-4,香槟夜色,242,230,197
NN0030-3,卡奇黄,218,203,161
NN0031-2,秋香,201,178,124
NN0032-2,乌金,184,161,108
NN3801-4,新瓷,247,245,226
NN4901-4,白土布,248,243,222
NN4851-4,切尔沙的世界,250,240,207
NN4810-4,初冬街景,246,233,192
NN4820-3,日本棕,223,206,160
NN4830-2,咖喱,196,171,114
NN4840-2,南瓜,174,150,91
NN3607-4,黄毕叽,248,247,231
NN3507-4,全麦饼干,248,248,230
NN4801-4,埃及艳后,250,247,223
NN4860-4,深棕黄,238,227,192
NN4870-3,橄榄树,212,195,151
NN4880-2,胡椒树,189,171,120
NN4890-2,铜帀,168,149,99
NN3907-4,浅丁香,247,247,233
NN5008-4,青鸟翩翔,246,245,225
NN0033-4,利口酒,242,240,211
NN4910-4,韭菜,235,232,196
NN4920-3,新石器时代,213,206,167
NN4930-2,砀山梨,192,183,129
NN4940-2,海枣,172,161,105
NN1301-4,貂白,240,242,229
NN4708-4,阿拉伯帐篷,243,240,217
NN0034-4,面纱,236,233,213
NN4960-4,油石灰,221,216,186
NN4970-3,卡其布,195,187,153
NN4980-2,退潮,170,162,123
NN4990-2,草原风暴,150,140,102
NN0035-4,晨间积雪,253,255,245
NN3901-4,初雪时节,245,241,230
NN0036-4,烟如浩淼,228,226,212
NN3910-4,飞沙走石,225,221,202
NN3920-3,冰河灰,198,192,169
NN3930-2,慕冬黄昏,179,172,145
NN3940-2,热带香料,155,146,121
NN1308-4,飞马行空,242,245,238
NN3908-4,八卦星相,237,239,226
NN3951-4,苍茫穹顶,222,224,211
NN3960-4,霜林晚归,205,205,195
NN3970-3,故路尘封,179,178,166
NN3980-2,海洋水族,156,155,140
NN3990-2,牡蛎,133,132,117
NN1307-4,石膏岩,249,252,241
NN7207-4,科罗拉多,246,249,245
NN1351-4,雪花石膏,219,221,213
NN1310-4,淡灰,206,208,200
NN1320-3,中灰,176,179,172
NN1330-2,乌云,146,147,141
NN1340-2,深灰,126,125,118
NN7107-4,细雪飞舞,242,246,243
NN7101-4,翩翩紫蝶,236,241,240
NN0037-4,太空漫步,211,217,214
NN1360-4,灰纽扣,204,208,204
NN1370-3,银烛台,169,175,172
NN1380-2,山雨欲来,142,145,143
NN1390-2,岩灰,118,122,119
NN7701-4,轻纱,234,240,235
NN7801-4,牛津白,232,241,236
NN0038-4,烟云,199,210,209
NN6510-4,翩翩起舞,187,200,198
NN6520-3,企鹅,151,165,165
NN6530-2,无烟煤,130,142,142
NN6540-2,忧郁,101,115,115
NN6508-4,利剑寒光,231,242,239
NN6801-4,圣音,223,237,235
NN6551-4,海市蜃楼,199,214,213
NN6560-4,曲径通幽,183,199,200
NN6570-3,磨刀石,145,164,167
NN6580-2,海啸,116,134,139
NN6590-2,文明古都,95,114,117
NN7808-4,迅捷,240,246,242
NN6901-4,天蓝色,228,240,240
NN7851-4,银帀,206,219,219
NN7860-4,浅灰,187,201,204
NN7870-3,马蹄铁,153,169,176
NN7880-2,灰呢制服,117,134,140
NN7890-2,背影,94,109,118
NN7001-4,雪花膏,232,240,238
NN7601-4,天人合一,227,240,240
NN0039-4,孤单背影,205,222,226
NN7810-4,寒江雪,193,208,216
NN7820-3,潜流涌动,154,172,188
NN7830-2,灰蓝,120,140,157
NN7840-2,靛紫,93,114,130
NN7607-4,白桦,230,242,240
NN7308-4,雨季天空,220,232,230
NN7351-4,康塔塔,204,219,221
NN7360-4,暮色灰,183,203,209
NN7370-3,水鸟,150,172,183
NN7380-2,阿尔卑斯山,112,135,145
NN7390-2,命运交响曲,90,115,127
NN7508-4,深遂太空,208,228,231
NN0040-4,水泥蓝,194,215,222
NN7310-4,渔光曲,185,212,220
NN0041-4,暮色,177,202,212
NN7320-3,静匿港湾,149,178,192
NN7330-2,童话王国,107,140,156
NN7340-2,悲怆奏鸣曲,81,112,127
NN7507-4,挪威森林,234,243,239
NN6208-4,惊蛰春雷,223,240,235
NN6251-4,蔚蓝天空,200,226,227
NN6260-4,白杨礼赞,183,213,213
NN6270-3,水帘洞,138,176,180
NN6280-2,荷兰印象,110,153,160
NN6290-2,古堡,81,126,132
NN0042-4,莹玉,238,252,247
NN6401-4,冰天雪地,226,244,243
NN6301-4,山间小溪,225,245,239
NN6160-4,大运河,195,218,212
NN6170-3,飞越巅峰,156,184,179
NN6180-2,战地豪情,125,154,149
NN6190-2,海藻绿,99,128,124
NN5807-4,润物细雨,233,246,237
NN6507-4,深海珍珠,231,245,236
NN6151-4,涓涓细流,212,232,221
NN6110-4,北国山川,199,221,213
NN6120-3,冰洋绿,168,197,189
NN6130-2,印地安绿,132,161,151
NN6140-2,海港绿,107,137,128
NN0043-4,铃兰,242,246,237
NN0044-4,淡玉,237,251,244
NN6101-4,窃窃私语,235,245,234
NN5210-4,波音飞机,202,214,204
NN5220-3,伦敦雾,170,182,172
NN5230-2,写意山水,147,159,148
NN5240-2,金属灰,121,131,121
NN0045-4,清风,240,252,246
NN6501-4,水色天光,232,239,227
NN5251-4,雨季,219,228,216
NN5260-4,灰姑娘,203,214,204
NN5270-3,冷峻,165,179,171
NN5280-2,海军灰,144,155,145
NN5290-2,矿石,116,127,120
NN4700-1,烟草黄,130,107,71
NN3800-1,落基山脉,118,101,69
NN3900-1,砖茶,86,81,66
NN1300-1,黑土地,75,79,79
NN5200-1,黑森林,55,65,62
NN6500-1,魔力黑,51,59,60
NN7800-1,纯黑,47,52,52
NN0900-1,褐石,101,75,67
NN1100-1,玛瑙,114,78,65
NN2500-1,黑巧克力,102,81,67
NN2600-1,卡布基诺,83,73,64
NN3400-1,华丽棕,117,93,70
NN3500-1,山毛榉,136,107,75
NN3700-1,乡村土布,141,111,70